{"ThumbnailZoom": {"value": 165.19434628975264}, "TilesZoom": {"value": 189.44954128440372}, "TileZoom": {"value": 166.78445229681978}, "FileZoom": {"value": 130.27522935779817}}