{"ThumbnailZoom": {"value": 154.6218487394958}, "TilesZoom": {"value": 189.44954128440372}, "TileZoom": {"value": 154.6218487394958}, "FileZoom": {"value": 130.27522935779817}}