{"ThumbnailZoom": {"value": 160.8540925266904}, "TilesZoom": {"value": 189.44954128440372}, "TileZoom": {"value": 165.19434628975264}, "FileZoom": {"value": 130.27522935779817}}