{"ThumbnailZoom": {"value": 168.90459363957598}, "FileZoom": {"value": 130.27522935779817}, "TileZoom": {"value": 154.59363957597174}, "TilesZoom": {"value": 189.44954128440372}}