{"ThumbnailZoom": {"value": 200.0}, "TilesZoom": {"value": 189.44954128440372}, "TileZoom": {"value": 138.9240506329114}, "FileZoom": {"value": 130.27522935779817}}