{"ThumbnailZoom": {"value": 143.46289752650176}, "FileZoom": {"value": 130.27522935779817}, "TileZoom": {"value": 154.6218487394958}, "TilesZoom": {"value": 189.44954128440372}}