{"ThumbnailZoom": {"value": 147.70318021201413}, "TilesZoom": {"value": 189.44954128440372}, "TileZoom": {"value": 154.59363957597174}, "FileZoom": {"value": 130.27522935779817}}